Date,Open,High,Low,Close,Adj Close,Volume,Entity
3/18/2020,725,760,675,690,663.862915,85489000,ADRO
3/19/2020,670,670,645,645,620.567505,57290600,ADRO
3/20/2020,645,800,610,745,716.779541,139182200,ADRO
3/23/2020,725,835,695,775,745.643127,111577400,ADRO
3/24/2020,810,900,780,850,817.802124,82445200,ADRO
3/26/2020,885,1010,870,965,928.445984,120540900,ADRO
3/27/2020,990,1050,920,990,952.498962,76999800,ADRO
3/30/2020,970,970,925,925,889.961182,28451400,ADRO
3/31/2020,925,1020,925,990,952.498962,83005000,ADRO
4/1/2020,995,1030,940,1020,981.362549,56063700,ADRO
4/2/2020,980,1055,970,1040,1000.60498,29924200,ADRO
4/3/2020,1055,1100,1040,1100,1058.332153,43071600,ADRO
4/6/2020,1110,1150,1080,1150,1106.438232,41495700,ADRO
4/7/2020,1190,1200,1075,1140,1096.817017,52492500,ADRO
4/8/2020,1150,1150,1065,1065,1024.657959,44442400,ADRO
4/9/2020,1015,1080,1000,1040,1000.60498,31567000,ADRO
4/13/2020,1050,1075,1020,1040,1000.60498,13653600,ADRO
4/14/2020,1040,1080,1040,1080,1039.089844,24122100,ADRO
4/15/2020,1080,1100,1010,1045,1005.415588,29124400,ADRO
4/16/2020,1035,1035,975,975,938.0672,33908100,ADRO
4/17/2020,1000,1050,990,1035,995.794373,36048300,ADRO
4/20/2020,1030,1045,980,985,947.688354,31892700,ADRO
4/21/2020,970,970,920,930,894.77179,45011700,ADRO
4/22/2020,930,930,870,885,851.476379,64670900,ADRO
4/23/2020,900,925,895,905,870.71875,50027600,ADRO
4/24/2020,910,985,870,875,841.855164,98736600,ADRO
4/27/2020,900,945,885,900,865.908142,97943800,ADRO
4/28/2020,910,915,875,890,856.286926,47890200,ADRO
4/29/2020,895,905,880,885,851.476379,43090800,ADRO
4/30/2020,895,920,890,920,885.150574,82626500,ADRO
5/4/2020,920,920,870,890,856.286926,68085900,ADRO
5/5/2020,905,925,895,905,870.71875,51891500,ADRO
5/6/2020,920,965,900,950,914.01416,105354100,ADRO
5/8/2020,955,1030,955,1025,986.173157,144477800,ADRO
5/11/2020,1040,1060,1025,1030,990.983765,62095700,ADRO
5/12/2020,1040,1060,1000,1005,966.930786,49628600,ADRO
5/13/2020,1005,1040,970,1000,962.120178,43999100,ADRO
5/14/2020,1025,1025,930,945,909.203552,89411900,ADRO
5/15/2020,955,970,910,925,889.961182,38978300,ADRO
5/18/2020,935,1020,930,1020,981.362549,76684300,ADRO
5/19/2020,1035,1065,990,1005,966.930786,85706200,ADRO
5/20/2020,1015,1020,970,980,942.877747,41027400,ADRO
5/26/2020,1000,1020,975,1000,962.120178,49777400,ADRO
5/27/2020,1020,1020,990,1000,962.120178,47426900,ADRO
5/28/2020,1005,1075,1000,1030,990.983765,137778200,ADRO
5/29/2020,1015,1100,1015,1100,1058.332153,139275700,ADRO
6/2/2020,1100,1185,1095,1145,1101.627563,123823700,ADRO
6/3/2020,1155,1180,1150,1165,1120.869995,89675400,ADRO
6/4/2020,1135,1150,1105,1120,1120,100659200,ADRO
6/5/2020,1130,1130,1085,1100,1100,73108200,ADRO
6/8/2020,1110,1175,1110,1160,1160,88605200,ADRO
6/9/2020,1165,1240,1160,1180,1180,117226600,ADRO
6/10/2020,1175,1180,1100,1100,1100,65467500,ADRO
6/11/2020,1100,1110,1055,1070,1070,31930900,ADRO
6/12/2020,1060,1070,1010,1060,1060,49986300,ADRO
6/15/2020,1070,1085,1010,1020,1020,35356800,ADRO
6/16/2020,1040,1085,1040,1075,1075,48677100,ADRO
6/17/2020,1085,1095,1055,1070,1070,38939600,ADRO
6/18/2020,1065,1075,1030,1030,1030,59061200,ADRO
6/19/2020,1040,1060,1035,1040,1040,70199400,ADRO
6/22/2020,1050,1055,1020,1030,1030,38485700,ADRO
6/23/2020,1050,1050,990,1005,1005,80075000,ADRO
6/24/2020,1015,1050,1010,1045,1045,80781000,ADRO
6/25/2020,1035,1035,1005,1005,1005,58913100,ADRO
6/26/2020,1025,1025,1010,1015,1015,40144900,ADRO
6/29/2020,1015,1025,1000,1005,1005,53482300,ADRO
6/30/2020,1020,1020,990,995,995,88016000,ADRO
7/1/2020,995,1045,990,1045,1045,98514700,ADRO
7/2/2020,1055,1080,1045,1050,1050,170254500,ADRO
7/3/2020,1060,1080,1035,1040,1040,55575100,ADRO
7/6/2020,1050,1065,1035,1065,1065,42400100,ADRO
7/7/2020,1080,1085,1050,1050,1050,94523900,ADRO
7/8/2020,1050,1075,1050,1065,1065,60115300,ADRO
7/9/2020,1065,1125,1060,1095,1095,138899500,ADRO
7/10/2020,1095,1110,1080,1085,1085,70076300,ADRO
7/13/2020,1085,1160,1080,1155,1155,134592000,ADRO
7/14/2020,1145,1170,1125,1155,1155,127484300,ADRO
7/15/2020,1170,1180,1125,1130,1130,60120300,ADRO
7/16/2020,1135,1150,1105,1110,1110,62091100,ADRO
7/17/2020,1115,1160,1110,1155,1155,93909100,ADRO
7/20/2020,1155,1165,1130,1130,1130,46512900,ADRO
7/21/2020,1130,1145,1115,1135,1135,52362800,ADRO
7/22/2020,1140,1150,1120,1125,1125,38753200,ADRO
7/23/2020,1130,1145,1120,1130,1130,64260600,ADRO
7/24/2020,1130,1135,1085,1090,1090,57475100,ADRO
7/27/2020,1090,1110,1080,1110,1110,26677900,ADRO
7/28/2020,1115,1125,1075,1090,1090,85970300,ADRO
7/29/2020,1085,1095,1070,1085,1085,32109100,ADRO
7/30/2020,1090,1100,1075,1085,1085,41227100,ADRO
8/3/2020,1090,1095,1010,1030,1030,59722100,ADRO
8/4/2020,1040,1060,1030,1035,1035,46118000,ADRO
8/5/2020,1045,1055,1030,1050,1050,32037900,ADRO
8/6/2020,1060,1120,1055,1115,1115,78094300,ADRO
8/7/2020,1115,1130,1085,1095,1095,42983500,ADRO
8/10/2020,1095,1140,1095,1140,1140,83699000,ADRO
8/11/2020,1145,1170,1125,1150,1150,77790400,ADRO
8/12/2020,1150,1150,1105,1120,1120,46530100,ADRO
8/13/2020,1120,1130,1105,1115,1115,40519400,ADRO
8/14/2020,1115,1125,1100,1115,1115,39456900,ADRO
8/18/2020,1115,1125,1110,1115,1115,40083600,ADRO
8/19/2020,1115,1135,1100,1115,1115,74016400,ADRO
8/24/2020,1115,1120,1090,1095,1095,51729800,ADRO
8/25/2020,1100,1110,1095,1100,1100,46196300,ADRO
8/26/2020,1110,1135,1095,1110,1110,74077900,ADRO
8/27/2020,1120,1130,1110,1125,1125,61274600,ADRO
8/28/2020,1130,1160,1130,1145,1145,108671900,ADRO
8/31/2020,1160,1165,1085,1085,1085,85351100,ADRO
9/1/2020,1090,1140,1080,1140,1140,86245000,ADRO
9/2/2020,1145,1215,1135,1215,1215,267164700,ADRO
9/3/2020,1210,1230,1175,1205,1205,139885600,ADRO
9/4/2020,1190,1205,1160,1205,1205,77208600,ADRO
9/7/2020,1205,1260,1180,1250,1250,109160300,ADRO
9/8/2020,1250,1280,1220,1240,1240,105277500,ADRO
9/9/2020,1220,1240,1180,1200,1200,85808300,ADRO
9/10/2020,1185,1190,1120,1120,1120,104709600,ADRO
9/11/2020,1080,1185,1080,1180,1180,86766800,ADRO
9/14/2020,1200,1220,1185,1200,1200,57485800,ADRO
9/15/2020,1215,1215,1175,1190,1190,44495200,ADRO
9/16/2020,1195,1205,1140,1145,1145,52672700,ADRO
9/17/2020,1165,1180,1125,1130,1130,53488300,ADRO
9/18/2020,1150,1155,1125,1145,1145,87127400,ADRO
9/21/2020,1155,1160,1140,1145,1145,38247000,ADRO
9/22/2020,1130,1180,1125,1160,1160,68846900,ADRO
9/23/2020,1175,1190,1150,1160,1160,64671800,ADRO
9/24/2020,1145,1160,1130,1130,1130,39759400,ADRO
9/25/2020,1140,1160,1130,1140,1140,53909400,ADRO
9/28/2020,1150,1155,1125,1130,1130,26949400,ADRO
9/29/2020,1140,1185,1140,1165,1165,89147900,ADRO
9/30/2020,1170,1175,1110,1135,1135,51823100,ADRO
10/1/2020,1150,1180,1135,1180,1180,31098400,ADRO
10/2/2020,1180,1185,1120,1140,1140,43192400,ADRO
10/5/2020,1150,1155,1120,1125,1125,44630600,ADRO
10/6/2020,1135,1145,1125,1125,1125,33352500,ADRO
10/7/2020,1125,1135,1115,1130,1130,45283200,ADRO
10/8/2020,1140,1155,1125,1130,1130,72357800,ADRO
10/9/2020,1120,1125,1110,1115,1115,73435200,ADRO
10/12/2020,1120,1130,1110,1110,1110,54683000,ADRO
10/13/2020,1110,1155,1090,1150,1150,121076600,ADRO
10/14/2020,1150,1200,1130,1185,1185,123826100,ADRO
10/15/2020,1185,1195,1155,1155,1155,72630600,ADRO
10/16/2020,1170,1230,1145,1220,1220,135715400,ADRO
10/19/2020,1240,1240,1210,1220,1220,73973200,ADRO
10/20/2020,1220,1225,1200,1210,1210,42037100,ADRO
10/21/2020,1220,1220,1190,1200,1200,45076700,ADRO
10/22/2020,1190,1190,1155,1160,1160,91568400,ADRO
10/23/2020,1175,1175,1140,1145,1145,52389600,ADRO
10/26/2020,1145,1155,1140,1145,1145,32605100,ADRO
10/27/2020,1145,1150,1125,1125,1125,41562300,ADRO
11/2/2020,1120,1150,1100,1130,1130,51499400,ADRO
11/3/2020,1140,1165,1140,1145,1145,70174800,ADRO
11/4/2020,1150,1160,1105,1110,1110,66743200,ADRO
11/5/2020,1140,1155,1125,1140,1140,44255800,ADRO
11/6/2020,1150,1155,1130,1140,1140,57817100,ADRO
11/9/2020,1150,1155,1120,1130,1130,79574200,ADRO
11/10/2020,1150,1155,1130,1140,1140,61432600,ADRO
11/11/2020,1150,1205,1145,1205,1205,218766200,ADRO
11/12/2020,1205,1205,1160,1175,1175,90738000,ADRO
11/13/2020,1170,1190,1155,1165,1165,64105000,ADRO
11/16/2020,1180,1205,1165,1195,1195,77947500,ADRO
11/17/2020,1205,1210,1180,1180,1180,99737900,ADRO
11/18/2020,1180,1205,1180,1190,1190,72626600,ADRO
11/19/2020,1195,1255,1180,1240,1240,221812500,ADRO
11/20/2020,1245,1260,1210,1215,1215,121792400,ADRO
11/23/2020,1230,1290,1225,1290,1290,195985700,ADRO
11/24/2020,1320,1335,1290,1300,1300,159576400,ADRO
11/25/2020,1335,1350,1275,1300,1300,152184000,ADRO
11/26/2020,1335,1365,1325,1360,1360,135992700,ADRO
11/27/2020,1385,1410,1375,1390,1390,163284800,ADRO
11/30/2020,1400,1475,1295,1390,1390,452796900,ADRO
12/1/2020,1410,1425,1340,1390,1390,191809000,ADRO
12/2/2020,1400,1410,1370,1390,1390,111410600,ADRO
12/3/2020,1405,1430,1375,1375,1375,147801800,ADRO
12/4/2020,1405,1460,1360,1435,1435,403854300,ADRO
12/7/2020,1500,1530,1475,1485,1485,277745100,ADRO
12/8/2020,1510,1545,1485,1545,1545,414707600,ADRO
12/10/2020,1580,1600,1525,1545,1545,321869700,ADRO
12/11/2020,1570,1575,1530,1535,1535,108605000,ADRO
12/14/2020,1560,1585,1555,1570,1570,175731000,ADRO
12/15/2020,1570,1575,1530,1530,1530,143516900,ADRO
12/16/2020,1550,1570,1545,1555,1555,183469700,ADRO
12/17/2020,1555,1555,1455,1490,1490,255575900,ADRO
12/18/2020,1490,1500,1465,1480,1480,136218100,ADRO
12/21/2020,1490,1595,1470,1555,1555,289216400,ADRO
12/22/2020,1555,1560,1470,1470,1470,193705300,ADRO
12/23/2020,1500,1540,1400,1490,1490,177123600,ADRO
12/28/2020,1515,1520,1460,1505,1505,98726000,ADRO
12/29/2020,1530,1540,1470,1490,1490,99547900,ADRO
12/30/2020,1490,1490,1425,1430,1430,82195800,ADRO
1/4/2021,1430,1460,1360,1455,1455,110366200,ADRO
1/5/2021,1455,1470,1420,1425,1425,107023500,ADRO
1/6/2021,1415,1420,1340,1375,1375,203948800,ADRO
1/7/2021,1370,1430,1360,1405,1405,204243100,ADRO
1/8/2021,1450,1485,1430,1445,1445,165263900,ADRO
1/11/2021,1490,1540,1470,1525,1525,278542900,ADRO
1/12/2021,1530,1535,1470,1475,1475,183107400,ADRO
1/13/2021,1530,1540,1490,1515,1515,204773900,ADRO
1/14/2021,1525,1535,1490,1495,1495,105347800,ADRO
1/15/2021,1495,1495,1450,1455,1455,86423600,ADRO
1/18/2021,1450,1485,1425,1440,1440,101719800,ADRO
1/19/2021,1440,1460,1390,1415,1415,80577200,ADRO
1/20/2021,1400,1440,1385,1415,1415,77779700,ADRO
1/21/2021,1425,1435,1405,1410,1410,46712900,ADRO
1/22/2021,1410,1420,1345,1350,1350,92579500,ADRO
1/25/2021,1350,1350,1260,1295,1295,142274300,ADRO
1/26/2021,1290,1335,1230,1260,1260,138670800,ADRO
1/27/2021,1260,1285,1215,1245,1245,119157300,ADRO
1/28/2021,1230,1275,1190,1200,1200,201003600,ADRO
1/29/2021,1220,1255,1160,1200,1200,192575300,ADRO
2/1/2021,1205,1235,1165,1230,1230,165569500,ADRO
2/2/2021,1230,1265,1185,1200,1200,176841000,ADRO
2/3/2021,1200,1210,1155,1170,1170,173080500,ADRO
2/4/2021,1170,1210,1150,1165,1165,296042000,ADRO
2/5/2021,1185,1230,1175,1210,1210,225757600,ADRO
2/8/2021,1240,1255,1215,1220,1220,171974800,ADRO
2/9/2021,1235,1235,1200,1210,1210,124214600,ADRO
2/10/2021,1220,1225,1195,1200,1200,70872800,ADRO
2/11/2021,1200,1230,1195,1215,1215,79109900,ADRO
2/15/2021,1230,1240,1210,1215,1215,75301100,ADRO
2/16/2021,1215,1235,1205,1210,1210,72063600,ADRO
2/17/2021,1210,1220,1170,1180,1180,123787800,ADRO
2/18/2021,1180,1200,1165,1175,1175,68479800,ADRO
2/19/2021,1175,1185,1160,1180,1180,55397800,ADRO
2/22/2021,1195,1230,1185,1210,1210,168255300,ADRO
2/23/2021,1225,1230,1200,1205,1205,96889300,ADRO
2/24/2021,1215,1220,1185,1185,1185,74830000,ADRO
2/25/2021,1200,1215,1190,1200,1200,79549900,ADRO
2/26/2021,1180,1195,1175,1180,1180,89372000,ADRO
3/1/2021,1195,1200,1180,1185,1185,96722600,ADRO
3/2/2021,1200,1220,1185,1185,1185,125690800,ADRO
3/3/2021,1195,1200,1185,1185,1185,53347200,ADRO
3/4/2021,1185,1235,1180,1220,1220,242780100,ADRO
3/5/2021,1210,1220,1175,1180,1180,157251500,ADRO
3/8/2021,1190,1200,1170,1175,1175,73736900,ADRO
3/9/2021,1175,1190,1160,1165,1165,84429300,ADRO
3/10/2021,1175,1185,1160,1170,1170,53621900,ADRO
3/12/2021,1190,1225,1185,1210,1210,170821500,ADRO
3/15/2021,1225,1260,1220,1235,1235,173813000,ADRO
3/16/2021,1245,1250,1205,1220,1220,99266400,ADRO
3/17/2021,1215,1235,1215,1230,1230,67741700,ADRO
3/18/2021,1245,1270,1235,1270,1270,174402800,ADRO
3/18/2020,398,410,388,388,386.206299,78790100,ANTM
3/19/2020,362,364,362,362,360.326508,8977100,ANTM
3/20/2020,360,386,338,374,372.271027,164706400,ANTM
3/23/2020,370,370,348,348,346.391205,90136700,ANTM
3/24/2020,348,374,340,364,362.317261,155141100,ANTM
3/26/2020,366,432,366,416,414.076843,267248200,ANTM
3/27/2020,432,505,426,460,457.873444,292787100,ANTM
3/30/2020,450,460,428,432,430.002899,74651200,ANTM
3/31/2020,440,464,434,450,447.919678,89306500,ANTM
4/1/2020,450,462,434,436,433.984406,81224700,ANTM
4/2/2020,436,454,424,452,449.910431,83577100,ANTM
4/3/2020,458,472,450,464,461.85495,115728200,ANTM
4/6/2020,466,540,466,540,537.503601,224870500,ANTM
4/7/2020,580,590,520,555,552.434265,256413700,ANTM
4/8/2020,555,555,520,520,517.596069,90030300,ANTM
4/9/2020,510,540,492,520,517.596069,105623600,ANTM
4/13/2020,520,555,510,535,532.526733,72240600,ANTM
4/14/2020,550,560,540,555,552.434265,84352000,ANTM
4/15/2020,560,565,525,525,522.572937,87961700,ANTM
4/16/2020,535,535,494,505,502.665405,100312000,ANTM
4/17/2020,520,530,500,520,517.596069,94759700,ANTM
4/20/2020,515,520,496,500,497.688538,80546300,ANTM
4/21/2020,500,500,476,482,479.771759,92065100,ANTM
4/22/2020,476,496,466,492,489.725525,74583700,ANTM
4/23/2020,500,505,490,498,495.697784,86760800,ANTM
4/24/2020,496,515,486,494,491.716278,86275300,ANTM
4/27/2020,494,510,494,505,502.665405,56062600,ANTM
4/28/2020,505,510,490,492,489.725525,45388100,ANTM
4/29/2020,492,500,492,498,495.697784,25492400,ANTM
4/30/2020,500,525,500,510,507.642303,85174700,ANTM
5/4/2020,490,505,484,494,491.716278,64158400,ANTM
5/5/2020,500,505,494,500,497.688538,37904200,ANTM
5/6/2020,505,510,498,500,497.688538,40511700,ANTM
5/8/2020,505,540,500,535,532.526733,185061500,ANTM
5/11/2020,545,555,530,530,527.549866,113381700,ANTM
5/12/2020,525,530,510,515,512.619202,47048500,ANTM
5/13/2020,515,540,505,535,532.526733,69026200,ANTM
5/14/2020,530,550,510,515,512.619202,81959800,ANTM
5/15/2020,525,530,505,520,517.596069,67020800,ANTM
5/18/2020,525,535,520,525,522.572937,46702500,ANTM
5/19/2020,535,545,525,525,522.572937,61033100,ANTM
5/20/2020,530,535,510,520,517.596069,41916400,ANTM
5/26/2020,530,530,515,530,527.549866,32358800,ANTM
5/27/2020,530,535,515,520,517.596069,43519100,ANTM
5/28/2020,520,540,515,525,522.572937,71853100,ANTM
5/29/2020,525,535,520,535,532.526733,58928900,ANTM
6/2/2020,540,570,535,555,552.434265,137754600,ANTM
6/3/2020,565,580,545,555,552.434265,147855500,ANTM
6/4/2020,565,590,550,570,567.364929,214067000,ANTM
6/5/2020,575,600,575,590,587.272461,187740200,ANTM
6/8/2020,595,645,595,630,627.087524,246393600,ANTM
6/9/2020,640,650,605,610,607.179993,137515700,ANTM
6/10/2020,615,620,580,595,592.249329,78090100,ANTM
6/11/2020,600,605,570,580,577.318726,73061000,ANTM
6/12/2020,560,580,545,580,577.318726,58198800,ANTM
6/15/2020,585,595,560,565,562.388062,44814200,ANTM
6/16/2020,575,610,570,610,607.179993,110517900,ANTM
6/17/2020,620,645,605,635,632.064453,195616600,ANTM
6/18/2020,625,640,620,620,617.133789,88492800,ANTM
6/19/2020,625,630,605,610,607.179993,59835400,ANTM
6/22/2020,610,625,600,605,605,49752700,ANTM
6/23/2020,600,615,590,595,595,31468100,ANTM
6/24/2020,605,620,600,605,605,58104500,ANTM
6/25/2020,595,605,595,600,600,18727500,ANTM
6/26/2020,610,615,605,605,605,29811500,ANTM
6/29/2020,610,610,595,595,595,25880900,ANTM
6/30/2020,605,610,595,605,605,30619800,ANTM
7/1/2020,610,615,595,600,600,21393300,ANTM
7/2/2020,600,610,590,610,610,41575700,ANTM
7/3/2020,615,615,600,600,600,30660200,ANTM
7/6/2020,605,640,600,640,640,133412200,ANTM
7/7/2020,645,670,640,650,650,234409300,ANTM
7/8/2020,650,675,645,660,660,116131400,ANTM
7/9/2020,660,670,650,650,650,66422900,ANTM
7/10/2020,650,665,640,645,645,44571600,ANTM
7/13/2020,645,685,645,675,675,148923800,ANTM
7/14/2020,670,680,660,660,660,77241200,ANTM
7/15/2020,665,675,655,655,655,38423500,ANTM
7/16/2020,655,665,650,650,650,19244200,ANTM
7/17/2020,655,660,645,660,660,21499000,ANTM
7/20/2020,660,665,650,650,650,31533100,ANTM
7/21/2020,655,690,650,685,685,158932500,ANTM
7/22/2020,690,705,685,685,685,192426100,ANTM
7/23/2020,695,705,685,690,690,90668500,ANTM
7/24/2020,705,705,685,685,685,134255200,ANTM
7/27/2020,695,725,690,725,725,197203700,ANTM
7/28/2020,730,755,715,720,720,186698000,ANTM
7/29/2020,720,740,710,730,730,79691500,ANTM
7/30/2020,730,740,720,730,730,68996600,ANTM
8/3/2020,740,750,680,700,700,110870200,ANTM
8/4/2020,700,715,700,705,705,43434000,ANTM
8/5/2020,730,750,715,750,750,182812800,ANTM
8/6/2020,765,840,755,835,835,446658400,ANTM
8/7/2020,840,865,835,840,840,263824700,ANTM
8/10/2020,840,840,800,825,825,100818900,ANTM
8/11/2020,825,830,790,800,800,133787400,ANTM
8/12/2020,795,795,750,770,770,188570300,ANTM
8/13/2020,770,790,770,770,770,99028400,ANTM
8/14/2020,780,805,775,785,785,209371300,ANTM
8/18/2020,800,820,795,805,805,178541000,ANTM
8/19/2020,810,815,795,795,795,88404200,ANTM
8/24/2020,805,805,775,780,780,116065100,ANTM
8/25/2020,780,795,775,790,790,69089200,ANTM
8/26/2020,790,800,780,785,785,72181500,ANTM
8/27/2020,790,805,785,795,795,87815900,ANTM
8/28/2020,800,830,790,820,820,278492100,ANTM
8/31/2020,830,855,810,820,820,229956400,ANTM
9/1/2020,820,840,815,840,840,131125800,ANTM
9/2/2020,840,855,830,850,850,126138900,ANTM
9/3/2020,850,855,825,830,830,96483000,ANTM
9/4/2020,820,830,800,825,825,93463300,ANTM
9/7/2020,825,830,810,825,825,35138000,ANTM
9/8/2020,825,840,820,825,825,60255800,ANTM
9/9/2020,810,810,780,795,795,109624500,ANTM
9/10/2020,785,790,740,740,740,121922400,ANTM
9/11/2020,710,780,700,775,775,114696400,ANTM
9/14/2020,780,805,780,800,800,61791200,ANTM
9/15/2020,810,820,785,805,805,66313200,ANTM
9/16/2020,805,810,785,795,795,31285000,ANTM
9/17/2020,805,805,765,775,775,47543300,ANTM
9/18/2020,780,795,775,790,790,28855300,ANTM
9/21/2020,785,790,760,765,765,34817700,ANTM
9/22/2020,750,755,725,735,735,52789600,ANTM
9/23/2020,755,780,735,750,750,95405500,ANTM
9/24/2020,750,750,705,720,720,69787900,ANTM
9/25/2020,735,735,715,730,730,42231400,ANTM
9/28/2020,730,740,715,725,725,23365500,ANTM
9/29/2020,735,740,715,715,715,47576900,ANTM
9/30/2020,720,730,695,705,705,40688700,ANTM
10/1/2020,710,740,710,735,735,45502700,ANTM
10/2/2020,735,735,705,725,725,56903300,ANTM
10/5/2020,735,735,715,720,720,20089800,ANTM
10/6/2020,730,735,715,720,720,39918300,ANTM
10/7/2020,715,720,710,715,715,22001600,ANTM
10/8/2020,720,730,715,720,720,28843100,ANTM
10/9/2020,730,775,725,765,765,175465400,ANTM
10/12/2020,780,790,765,780,780,108451600,ANTM
10/13/2020,780,780,760,765,765,47798000,ANTM
10/14/2020,775,955,775,955,955,1116793100,ANTM
10/15/2020,1020,1180,920,935,935,1510069900,ANTM
10/16/2020,960,995,920,940,940,638756000,ANTM
10/19/2020,970,1055,950,1055,1055,1158293800,ANTM
10/20/2020,1055,1065,1020,1035,1035,789265700,ANTM
10/21/2020,1050,1145,1050,1100,1100,1370011500,ANTM
10/22/2020,1100,1120,1075,1085,1085,465407900,ANTM
10/23/2020,1095,1120,1060,1085,1085,392722300,ANTM
10/26/2020,1090,1095,1060,1060,1060,183290100,ANTM
10/27/2020,1050,1095,1050,1055,1055,333734100,ANTM
11/2/2020,1065,1125,1055,1100,1100,571253300,ANTM
11/3/2020,1115,1130,1105,1110,1110,317572700,ANTM
11/4/2020,1125,1145,1100,1105,1105,410216500,ANTM
11/5/2020,1130,1145,1115,1125,1125,240422000,ANTM
11/6/2020,1140,1140,1115,1125,1125,202159600,ANTM
11/9/2020,1140,1245,1135,1240,1240,846313500,ANTM
11/10/2020,1250,1255,1195,1200,1200,604934300,ANTM
11/11/2020,1210,1240,1185,1195,1195,628878500,ANTM
11/12/2020,1190,1205,1165,1170,1170,200055900,ANTM
11/13/2020,1160,1180,1155,1170,1170,172842400,ANTM
11/16/2020,1200,1210,1180,1185,1185,213486900,ANTM
11/17/2020,1185,1215,1175,1190,1190,300731400,ANTM
11/18/2020,1220,1280,1215,1240,1240,853419900,ANTM
11/19/2020,1240,1245,1220,1235,1235,286394100,ANTM
11/20/2020,1235,1240,1200,1210,1210,220936900,ANTM
11/23/2020,1225,1255,1215,1255,1255,371401400,ANTM
11/24/2020,1255,1255,1220,1235,1235,351292500,ANTM
11/25/2020,1235,1240,1195,1205,1205,303117600,ANTM
11/26/2020,1200,1225,1195,1210,1210,147126800,ANTM
11/27/2020,1230,1250,1215,1230,1230,308954300,ANTM
11/30/2020,1225,1225,1145,1145,1145,446062400,ANTM
12/1/2020,1150,1180,1105,1155,1155,240765000,ANTM
12/2/2020,1170,1260,1170,1245,1245,803420400,ANTM
12/3/2020,1245,1300,1235,1255,1255,615002200,ANTM
12/4/2020,1265,1270,1235,1245,1245,155578400,ANTM
12/7/2020,1270,1295,1260,1280,1280,367250700,ANTM
12/8/2020,1295,1320,1285,1300,1300,377826500,ANTM
12/10/2020,1330,1425,1330,1395,1395,686885600,ANTM
12/11/2020,1475,1500,1435,1450,1450,487755900,ANTM
12/14/2020,1500,1540,1490,1525,1525,417804400,ANTM
12/15/2020,1525,1565,1495,1560,1560,462918300,ANTM
12/16/2020,1595,1925,1590,1815,1815,1272844700,ANTM
12/17/2020,1840,1880,1775,1815,1815,542949200,ANTM
12/18/2020,1845,1960,1810,1950,1950,1083731700,ANTM
12/21/2020,1965,2020,1925,1965,1965,627035000,ANTM
12/22/2020,1950,1960,1830,1835,1835,678922000,ANTM
12/23/2020,1830,1850,1720,1790,1790,659296400,ANTM
12/28/2020,1825,2000,1780,2000,2000,992175000,ANTM
12/29/2020,2050,2070,1935,1945,1945,739754900,ANTM
12/30/2020,1945,1985,1905,1935,1935,535943500,ANTM
1/4/2021,1970,2200,1940,2190,2190,1040753400,ANTM
1/5/2021,2190,2340,2130,2230,2230,1139014700,ANTM
1/6/2021,2270,2290,2130,2220,2220,629211500,ANTM
1/7/2021,2250,2740,2240,2600,2600,1982112200,ANTM
1/8/2021,2640,2750,2560,2600,2600,1052618000,ANTM
1/11/2021,2560,2650,2530,2580,2580,521301600,ANTM
1/12/2021,2580,2780,2550,2770,2770,1147172800,ANTM
1/13/2021,2850,3130,2850,3120,3120,1280852600,ANTM
1/14/2021,3140,3440,3060,3180,3180,1499058400,ANTM
1/15/2021,3300,3380,3040,3120,3120,915912100,ANTM
1/18/2021,3000,3140,2910,2910,2910,930618200,ANTM
1/19/2021,2810,2850,2710,2710,2710,360498600,ANTM
1/20/2021,2540,3200,2530,3190,3190,1983213100,ANTM
1/21/2021,3290,3340,3030,3090,3090,1273877400,ANTM
1/22/2021,3090,3090,2880,2880,2880,894766800,ANTM
1/25/2021,2760,2960,2680,2870,2870,1222991300,ANTM
1/26/2021,2900,2930,2670,2670,2670,786819300,ANTM
1/27/2021,2620,2740,2490,2550,2550,1341364800,ANTM
1/28/2021,2470,2570,2380,2380,2380,731854900,ANTM
1/29/2021,2370,2440,2220,2220,2220,450321200,ANTM
2/1/2021,2090,2640,2070,2600,2600,2186652700,ANTM
2/2/2021,2600,2630,2420,2420,2420,942434300,ANTM
2/3/2021,2390,2520,2290,2330,2330,948031000,ANTM
2/4/2021,2400,2520,2270,2400,2400,874173400,ANTM
2/5/2021,2450,2690,2370,2660,2660,1157647700,ANTM
2/8/2021,2770,2830,2700,2830,2830,977135300,ANTM
2/9/2021,2850,2860,2640,2730,2730,877784900,ANTM
2/10/2021,2790,2970,2720,2930,2930,1401720500,ANTM
2/11/2021,2940,2960,2850,2870,2870,620114900,ANTM
2/15/2021,2900,2950,2880,2900,2900,361594300,ANTM
2/16/2021,2910,2940,2860,2870,2870,349266100,ANTM
2/17/2021,2870,2890,2720,2750,2750,443154100,ANTM
2/18/2021,2700,2820,2670,2780,2780,349948000,ANTM
2/19/2021,2800,2910,2730,2880,2880,482821700,ANTM
2/22/2021,2940,3040,2910,2950,2950,834610300,ANTM
2/23/2021,2940,3010,2920,2940,2940,327105100,ANTM
2/24/2021,2930,2970,2820,2910,2910,386381000,ANTM
2/25/2021,2970,3010,2940,2960,2960,346787800,ANTM
2/26/2021,2840,2890,2780,2840,2840,1305042600,ANTM
3/1/2021,2850,2880,2810,2840,2840,166782500,ANTM
3/2/2021,2840,2850,2720,2730,2730,298489400,ANTM
3/3/2021,2770,2770,2670,2700,2700,192152700,ANTM
3/4/2021,2520,2590,2520,2520,2520,466387000,ANTM
3/5/2021,2370,2520,2350,2420,2420,745024700,ANTM
3/8/2021,2490,2500,2270,2280,2280,476947100,ANTM
3/9/2021,2280,2360,2180,2230,2230,515109500,ANTM
3/10/2021,2260,2280,2170,2230,2230,193024600,ANTM
3/12/2021,2280,2440,2280,2420,2420,537855700,ANTM
3/15/2021,2430,2450,2280,2340,2340,371987500,ANTM
3/16/2021,2350,2350,2240,2270,2270,231241100,ANTM
3/17/2021,2290,2330,2260,2300,2300,147188700,ANTM
3/18/2021,2350,2350,2270,2290,2290,149549500,ANTM
3/18/2020,4290,4350,3980,4150,3996.197998,61972000,ASII
3/19/2020,4020,4020,3860,3860,3716.945557,27066700,ASII
3/20/2020,3890,3900,3590,3780,3639.9104,141147800,ASII
3/23/2020,3780,3780,3520,3520,3389.546387,40318500,ASII
3/24/2020,3570,3610,3280,3280,3158.440918,89502100,ASII
3/26/2020,3220,3680,3220,3620,3485.840088,180290700,ASII
3/27/2020,3650,4360,3650,4080,3928.79248,150312000,ASII
3/30/2020,4080,4080,3800,3800,3659.169434,45490800,ASII
3/31/2020,3880,3980,3740,3900,3755.463379,62534800,ASII
4/1/2020,3880,4090,3650,3770,3630.28125,78042900,ASII
4/2/2020,3670,3930,3580,3930,3784.351563,39717300,ASII
4/3/2020,3990,4050,3860,3900,3755.463379,42577100,ASII
4/6/2020,3920,4040,3880,4030,3880.645508,71205800,ASII
4/7/2020,4060,4250,3960,4060,3909.533691,79018000,ASII
4/8/2020,4000,4030,3810,3850,3707.316406,55980400,ASII
4/9/2020,3870,4120,3870,4090,3938.421875,53526100,ASII
4/13/2020,4090,4150,3920,3960,3813.239746,27520900,ASII
4/14/2020,3960,4030,3920,3960,3813.239746,64571400,ASII
4/15/2020,4000,4000,3800,3820,3678.428223,86149800,ASII
4/16/2020,3780,3780,3620,3620,3485.840088,61494300,ASII
4/17/2020,3680,3840,3680,3800,3659.169434,78593000,ASII
4/20/2020,3800,3830,3710,3720,3582.134277,50406600,ASII
4/21/2020,3710,3740,3610,3640,3505.099121,36590700,ASII
4/22/2020,3600,3660,3450,3640,3505.099121,76750500,ASII
4/23/2020,3700,3790,3650,3760,3620.651855,85068700,ASII
4/24/2020,3760,3760,3610,3630,3495.469727,49597000,ASII
4/27/2020,3670,3760,3570,3710,3572.504883,45682200,ASII
4/28/2020,3750,3790,3630,3740,3601.393066,53532700,ASII
4/29/2020,3770,3780,3650,3690,3553.246094,40557200,ASII
4/30/2020,3750,3860,3720,3850,3707.316406,92257000,ASII
5/4/2020,3750,3750,3610,3610,3476.210938,71301800,ASII
5/5/2020,3630,3660,3580,3610,3476.210938,54983300,ASII
5/6/2020,3610,3680,3580,3640,3505.099121,70425000,ASII
5/8/2020,3690,3740,3600,3740,3601.393066,63346500,ASII
5/11/2020,3760,3920,3750,3920,3774.722168,79511800,ASII
5/12/2020,3920,3920,3780,3820,3678.428223,58347900,ASII
5/13/2020,3820,3820,3710,3730,3591.763672,44974600,ASII
5/14/2020,3700,3710,3530,3570,3437.693359,80570900,ASII
5/15/2020,3590,3720,3560,3710,3572.504883,65284900,ASII
5/18/2020,3720,3950,3710,3910,3765.092529,88368200,ASII
5/19/2020,4000,4040,3940,3950,3803.610352,77238800,ASII
5/20/2020,3950,3980,3870,3970,3822.868896,38965700,ASII
5/26/2020,3970,4360,3970,4330,4169.527344,116041900,ASII
5/27/2020,4350,4390,4220,4350,4188.785645,68841200,ASII
5/28/2020,4370,4580,4350,4540,4371.744141,86825700,ASII
5/29/2020,4520,4770,4470,4770,4593.220215,164786500,ASII
6/2/2020,4760,4950,4630,4730,4554.702637,72425900,ASII
6/3/2020,4750,4950,4680,4890,4708.772949,76654100,ASII
6/4/2020,4950,4960,4740,4760,4583.59082,82711000,ASII
6/5/2020,4780,5025,4670,5000,4814.696777,63578800,ASII
6/8/2020,5250,5250,4990,5025,4838.77002,53808200,ASII
6/9/2020,5100,5125,4980,5000,4814.696777,43049500,ASII
6/10/2020,5025,5025,4650,4850,4670.255859,39812900,ASII
6/11/2020,4840,4840,4660,4700,4525.814453,53920100,ASII
6/12/2020,4590,4820,4400,4790,4612.479004,45837700,ASII
6/15/2020,4800,4850,4700,4740,4564.33252,42880500,ASII
6/16/2020,4800,5000,4800,4970,4785.808594,38736700,ASII
6/17/2020,4990,5000,4910,4970,4785.808594,24744500,ASII
6/18/2020,4970,4970,4800,4800,4622.108398,40331900,ASII
6/19/2020,4830,4910,4800,4890,4708.772949,62874800,ASII
6/22/2020,4930,4940,4850,4890,4708.772949,25097200,ASII
6/23/2020,4890,4940,4850,4900,4718.402832,29490500,ASII
6/24/2020,4920,5050,4900,5000,4814.696777,55421700,ASII
6/25/2020,4840,4920,4800,4900,4871.36377,34952700,ASII
6/26/2020,4950,4950,4900,4900,4871.36377,24019200,ASII
6/29/2020,4900,4900,4750,4800,4771.947754,29368700,ASII
6/30/2020,4840,4880,4800,4800,4771.947754,25197000,ASII
7/1/2020,4800,4860,4770,4810,4781.889648,22586000,ASII
7/2/2020,4830,4890,4810,4870,4841.539063,26575000,ASII
7/3/2020,4880,4910,4840,4850,4821.655762,20400200,ASII
7/6/2020,4860,4900,4840,4840,4811.714355,17783800,ASII
7/7/2020,4900,4910,4800,4830,4801.772461,46178600,ASII
7/8/2020,4840,4930,4770,4910,4881.305176,45246000,ASII
7/9/2020,4930,5000,4880,4900,4871.36377,33377800,ASII
7/10/2020,4880,4920,4830,4830,4801.772461,23181700,ASII
7/13/2020,4850,4910,4850,4900,4871.36377,22481400,ASII
7/14/2020,4900,4950,4880,4950,4921.071289,22418400,ASII
7/15/2020,4990,5200,4970,5150,5119.902344,64249400,ASII
7/16/2020,5150,5350,5150,5250,5219.317871,72113500,ASII
7/17/2020,5300,5300,5200,5200,5169.610352,46235300,ASII
7/20/2020,5200,5225,5025,5100,5070.194824,24829000,ASII
7/21/2020,5100,5450,5100,5375,5343.587402,51878900,ASII
7/22/2020,5375,5400,5200,5300,5269.025879,29493500,ASII
7/23/2020,5300,5325,5125,5175,5144.756348,27787400,ASII
7/24/2020,5175,5175,5000,5050,5020.486816,32338100,ASII
7/27/2020,5075,5150,5025,5125,5095.048828,17645200,ASII
7/28/2020,5175,5225,5100,5175,5144.756348,30210400,ASII
7/29/2020,5175,5225,5050,5075,5045.34082,32010100,ASII
7/30/2020,5025,5225,5000,5150,5119.902344,32720500,ASII
8/3/2020,5100,5150,4860,4880,4851.480469,66053200,ASII
8/4/2020,4900,4960,4900,4960,4931.012695,32307000,ASII
8/5/2020,4970,5100,4950,5050,5020.486816,22883900,ASII
8/6/2020,5075,5225,5050,5225,5194.464355,45906700,ASII
8/7/2020,5225,5300,5100,5275,5244.171875,35036700,ASII
8/10/2020,5275,5275,5125,5125,5095.048828,30588200,ASII
8/11/2020,5175,5250,5150,5225,5194.464355,19877700,ASII
8/12/2020,5225,5400,5175,5400,5368.441406,31304300,ASII
8/13/2020,5450,5550,5375,5400,5368.441406,36344700,ASII
8/14/2020,5400,5450,5350,5375,5343.587402,15337700,ASII
8/18/2020,5325,5450,5300,5375,5343.587402,34974800,ASII
8/19/2020,5425,5425,5250,5300,5269.025879,24870200,ASII
8/24/2020,5300,5350,5250,5300,5269.025879,20000900,ASII
8/25/2020,5325,5375,5300,5300,5269.025879,27807900,ASII
8/26/2020,5400,5400,5275,5350,5318.733887,29957700,ASII
8/27/2020,5375,5400,5250,5300,5269.025879,27491500,ASII
8/28/2020,5300,5325,5275,5325,5293.879883,20347900,ASII
8/31/2020,5325,5350,5100,5100,5070.194824,42240600,ASII
9/1/2020,5175,5250,5100,5250,5219.317871,20881000,ASII
9/2/2020,5300,5350,5200,5300,5269.025879,19074500,ASII
9/3/2020,5350,5350,5125,5175,5144.756348,38323300,ASII
9/4/2020,5100,5150,5025,5050,5020.486816,47966200,ASII
9/7/2020,5050,5075,4950,5025,4995.632813,37120700,ASII
9/8/2020,5025,5125,5025,5125,5095.048828,22790200,ASII
9/9/2020,5025,5025,4900,4900,4871.36377,62626200,ASII
9/10/2020,4560,4610,4560,4560,4533.350586,142910700,ASII
9/11/2020,4350,4700,4310,4630,4602.941406,76725700,ASII
9/14/2020,4780,4830,4700,4790,4762.006348,57904800,ASII
9/15/2020,4850,4870,4770,4820,4791.831055,35809700,ASII
9/16/2020,4850,4860,4780,4780,4752.064941,21529200,ASII
9/17/2020,4770,4880,4770,4860,4831.597168,26234600,ASII
9/18/2020,4840,4870,4760,4780,4752.064941,46011300,ASII
9/21/2020,4790,4800,4620,4670,4642.70752,23388100,ASII
9/22/2020,4600,4740,4590,4670,4642.70752,22893300,ASII
9/23/2020,4680,4730,4590,4630,4602.941406,15696100,ASII
9/24/2020,4620,4650,4560,4600,4573.116699,24393300,ASII
9/25/2020,4610,4920,4610,4860,4831.597168,40064600,ASII
9/28/2020,4870,4910,4740,4740,4712.298828,28967600,ASII
9/29/2020,4760,4800,4560,4570,4543.291992,31707100,ASII
9/30/2020,4560,4570,4450,4460,4433.935059,40490200,ASII
10/1/2020,4490,4640,4490,4610,4583.058105,32822900,ASII
10/2/2020,4630,4640,4520,4590,4563.175293,33355000,ASII
10/5/2020,4600,4630,4540,4560,4533.350586,20624400,ASII
10/6/2020,4650,4660,4600,4620,4593,23682500,ASII
10/7/2020,4590,4630,4560,4630,4630,21814000,ASII
10/8/2020,4640,4770,4630,4750,4750,32946600,ASII
10/9/2020,4720,4760,4700,4740,4740,19525000,ASII
10/12/2020,4790,4810,4700,4700,4700,23749400,ASII
10/13/2020,4700,4750,4650,4740,4740,25032100,ASII
10/14/2020,4710,4860,4710,4820,4820,50174100,ASII
10/15/2020,4820,4820,4740,4740,4740,29382300,ASII
10/16/2020,4740,4930,4700,4930,4930,37775400,ASII
10/19/2020,4930,5075,4880,5000,5000,38057900,ASII
10/20/2020,4990,5175,4960,5175,5175,68915600,ASII
10/21/2020,5200,5250,5175,5250,5250,52567200,ASII
10/22/2020,5200,5275,5200,5250,5250,75883000,ASII
10/23/2020,5300,5400,5250,5400,5400,46040700,ASII
10/26/2020,5400,5450,5300,5400,5400,33055000,ASII
10/27/2020,5300,5500,5300,5425,5425,45393900,ASII
11/2/2020,5325,5425,5275,5400,5400,48772200,ASII
11/3/2020,5450,5500,5425,5500,5500,44789800,ASII
11/4/2020,5475,5500,5350,5400,5400,22433700,ASII
11/5/2020,5500,5550,5425,5500,5500,25384200,ASII
11/6/2020,5525,5875,5525,5825,5825,62036900,ASII
11/9/2020,5800,5850,5600,5600,5600,53921900,ASII
11/10/2020,5775,5850,5700,5750,5750,60062700,ASII
11/11/2020,5850,6025,5850,6000,6000,56581600,ASII
11/12/2020,5875,6025,5775,6000,6000,67819100,ASII
11/13/2020,5900,5925,5850,5900,5900,24090900,ASII
11/16/2020,5925,6000,5900,5925,5925,62526400,ASII
11/17/2020,5950,5975,5800,5800,5800,28012800,ASII
11/18/2020,5825,5875,5750,5775,5775,25384700,ASII
11/19/2020,5750,5775,5725,5725,5725,35427800,ASII
11/20/2020,5725,5825,5700,5725,5725,33703300,ASII
11/23/2020,5725,5850,5725,5800,5800,40933800,ASII
11/24/2020,5875,5875,5800,5800,5800,33117500,ASII
11/25/2020,5825,5875,5550,5550,5550,117614100,ASII
11/26/2020,5525,5675,5500,5650,5650,89572000,ASII
11/27/2020,5650,5700,5525,5550,5550,98376500,ASII
11/30/2020,5550,5575,5200,5300,5300,311402400,ASII
12/1/2020,5425,5550,5400,5550,5550,119445500,ASII
12/2/2020,5600,5750,5575,5725,5725,94220300,ASII
12/3/2020,5725,5750,5600,5625,5625,54407800,ASII
12/4/2020,5625,5725,5550,5700,5700,52405500,ASII
12/7/2020,5800,5900,5725,5850,5850,92859500,ASII
12/8/2020,5850,5875,5675,5700,5700,77339200,ASII
12/10/2020,5800,5875,5750,5825,5825,92988900,ASII
12/11/2020,5825,5875,5650,5675,5675,53669200,ASII
12/14/2020,5725,5750,5650,5675,5675,43821600,ASII
12/15/2020,5675,5975,5650,5950,5950,128853200,ASII
12/16/2020,6000,6200,6000,6125,6125,98362500,ASII
12/17/2020,6125,6200,6050,6200,6200,76361900,ASII
12/18/2020,6250,6275,6175,6200,6200,81878000,ASII
12/21/2020,6200,6225,6100,6150,6150,54800500,ASII
12/22/2020,6100,6250,5950,6075,6075,94394100,ASII
12/23/2020,6025,6100,5825,6000,6000,73880100,ASII
12/28/2020,6175,6175,5950,6075,6075,32572200,ASII
12/29/2020,6100,6175,6000,6050,6050,40341500,ASII
12/30/2020,6100,6125,6025,6025,6025,39615400,ASII
1/4/2021,6100,6250,6025,6225,6225,34840200,ASII
1/5/2021,6225,6250,6150,6175,6175,27318400,ASII
1/6/2021,6175,6225,5950,6150,6150,42778200,ASII
1/7/2021,6175,6200,6075,6075,6075,33536400,ASII
1/8/2021,6150,6475,6100,6425,6425,88590400,ASII
1/11/2021,6500,6600,6475,6525,6525,57622400,ASII
1/12/2021,6425,6650,6400,6525,6525,38226200,ASII
1/13/2021,6600,6800,6500,6775,6775,56171600,ASII
1/14/2021,6850,6925,6775,6775,6775,48209800,ASII
1/15/2021,6800,6850,6525,6575,6575,45722300,ASII
1/18/2021,6575,6700,6525,6675,6675,48444700,ASII
1/19/2021,6775,6775,6575,6675,6675,37236400,ASII
1/20/2021,6625,6775,6625,6675,6675,27403000,ASII
1/21/2021,6800,6800,6725,6800,6800,32219700,ASII
1/22/2021,6825,6850,6600,6700,6700,34960500,ASII
1/25/2021,6650,6650,6325,6475,6475,73391700,ASII
1/26/2021,6475,6575,6300,6350,6350,39158300,ASII
1/27/2021,6350,6350,6150,6275,6275,56444100,ASII
1/28/2021,6150,6450,6150,6275,6275,54596400,ASII
1/29/2021,6300,6375,5950,6100,6100,71886200,ASII
2/1/2021,5850,6075,5750,6025,6025,57416200,ASII
2/2/2021,6150,6150,5875,5975,5975,42421400,ASII
2/3/2021,6075,6275,5950,6150,6150,76420800,ASII
2/4/2021,6225,6225,6125,6200,6200,29508100,ASII
2/5/2021,6250,6250,6050,6100,6100,34366600,ASII
2/8/2021,6200,6200,6075,6100,6100,28817400,ASII
2/9/2021,6100,6200,5825,5825,5825,113795000,ASII
2/10/2021,5850,5975,5825,5900,5900,43492200,ASII
2/11/2021,5875,5950,5825,5850,5850,37890700,ASII
2/15/2021,6100,6250,5950,5950,5950,178642200,ASII
2/16/2021,5975,6000,5900,5925,5925,35796600,ASII
2/17/2021,5900,5925,5750,5800,5800,56517500,ASII
2/18/2021,5750,5875,5725,5725,5725,56765900,ASII
2/19/2021,5725,5850,5725,5775,5775,42627800,ASII
2/22/2021,5825,5850,5700,5700,5700,55230300,ASII
2/23/2021,5700,5825,5700,5725,5725,60745000,ASII
2/24/2021,5775,5850,5600,5625,5625,73050200,ASII
2/25/2021,5700,5700,5475,5575,5575,123672200,ASII
2/26/2021,5450,5525,5350,5400,5400,146271500,ASII
3/1/2021,5500,5600,5450,5600,5600,118418900,ASII
3/2/2021,5650,5675,5550,5575,5575,87061500,ASII
3/3/2021,5625,5700,5525,5675,5675,49030200,ASII
3/4/2021,5675,5700,5525,5575,5575,70766800,ASII
3/5/2021,5525,5575,5475,5500,5500,48034400,ASII
3/8/2021,5550,5625,5475,5550,5550,55652900,ASII
3/9/2021,5550,5650,5400,5525,5525,66908800,ASII
3/10/2021,5500,5525,5400,5425,5425,66154200,ASII
3/12/2021,5550,5575,5450,5475,5475,87065000,ASII
3/15/2021,5525,5625,5500,5525,5525,48489500,ASII
3/16/2021,5600,5725,5550,5550,5550,64804400,ASII
3/17/2021,5625,5650,5550,5575,5575,61881600,ASII
3/18/2021,5675,5800,5625,5725,5725,90338700,ASII
3/18/2020,25600,26900,23825,25000,24500.94531,36010700,BBCA
3/19/2020,24975,24975,23250,23250,22785.87891,52883800,BBCA
3/20/2020,23000,26925,21625,23675,23202.39453,67026400,BBCA
3/23/2020,23800,25000,22025,22150,21707.83789,43568700,BBCA
3/24/2020,22250,24975,22250,22500,22050.84961,50794200,BBCA
3/26/2020,23250,26975,23250,26400,25872.99805,66326600,BBCA
3/27/2020,26800,29475,26775,27550,27000.04102,53936600,BBCA
3/30/2020,27400,27775,25775,27475,26926.53906,31992900,BBCA
3/31/2020,28300,28550,27425,27625,27073.54297,36527700,BBCA
4/1/2020,27800,28750,27125,27400,26853.03516,30566300,BBCA
4/2/2020,27350,27350,26800,27050,26510.02148,27324700,BBCA
4/3/2020,27300,27650,26825,27475,26926.53906,22101200,BBCA
4/6/2020,27600,28700,27475,28675,28102.58398,15636800,BBCA
4/7/2020,28675,30500,27900,28275,27710.56836,29830700,BBCA
4/8/2020,28275,28300,27400,28175,27612.56445,21222300,BBCA
4/9/2020,28000,28475,27500,27975,27416.55664,17999400,BBCA
4/13/2020,27700,28075,27400,27500,26951.03906,11608600,BBCA
4/14/2020,27525,27950,27225,27575,27024.54102,19159200,BBCA
4/15/2020,27575,28150,27225,27425,26877.53711,19068400,BBCA
4/16/2020,27425,27600,25925,26200,25676.99023,35398100,BBCA
4/17/2020,26500,27225,26400,27125,26583.52539,32187100,BBCA
4/20/2020,27150,27500,26650,26775,26240.51172,18148800,BBCA
4/21/2020,26775,26775,25800,25800,25722.08203,14686200,BBCA
4/22/2020,25800,26175,25225,25725,25647.30859,21452700,BBCA
4/23/2020,25900,26225,25600,25600,25522.6875,21083900,BBCA
4/24/2020,25600,25700,24600,24600,24525.70703,26229900,BBCA
4/27/2020,24700,25100,24275,24800,24725.10352,30220700,BBCA
4/28/2020,24800,24875,24025,24150,24077.06641,36097600,BBCA
4/29/2020,24125,24250,24000,24250,24176.76367,24232200,BBCA
4/30/2020,24400,26250,24400,25850,25771.93164,34816200,BBCA
5/4/2020,25750,26500,25000,26100,26021.17578,22899500,BBCA
5/5/2020,26100,26700,26000,26425,26345.19531,23728700,BBCA
5/6/2020,26575,26850,26500,26775,26694.13867,17279100,BBCA
5/8/2020,26725,27000,25750,26225,26145.79883,24605600,BBCA
5/11/2020,26225,26625,26225,26475,26395.04492,8123100,BBCA
5/12/2020,26700,26700,25150,26100,26021.17578,23732000,BBCA
5/13/2020,25800,25850,25425,25550,25472.83789,18994600,BBCA
5/14/2020,25350,25550,24525,24600,24525.70703,26253600,BBCA
5/15/2020,24600,24975,23400,23925,23852.74609,41158000,BBCA
5/18/2020,24000,24225,23750,23825,23753.04688,27999500,BBCA
5/19/2020,24200,24800,23400,23400,23329.33008,25700900,BBCA
5/20/2020,23600,24000,23450,23825,23753.04688,23831600,BBCA
5/26/2020,23875,25000,23875,24850,24774.95117,35215300,BBCA
5/27/2020,24850,25000,24275,24825,24750.02734,30350700,BBCA
5/28/2020,25000,26600,25000,26475,26395.04492,45846600,BBCA
5/29/2020,26475,26475,25950,25950,25871.62891,79882800,BBCA
6/2/2020,26300,27500,26200,26800,26719.0625,36273900,BBCA
6/3/2020,27050,28900,27000,28900,28812.7207,55934700,BBCA
6/4/2020,28900,29950,28000,28950,28862.57031,47231700,BBCA
6/5/2020,28950,29275,27925,28625,28538.55078,17631500,BBCA
6/8/2020,28775,29625,28775,29500,29410.9082,34711500,BBCA
6/9/2020,29700,29975,28975,29025,28937.34375,20022000,BBCA
6/10/2020,29000,29325,27975,29000,28912.41797,23076500,BBCA
6/11/2020,28750,29050,28025,28400,28314.23047,17037500,BBCA
6/12/2020,28400,28400,27400,28350,28264.38086,19208800,BBCA
6/15/2020,28400,28550,27500,27500,27416.94922,20168900,BBCA
6/16/2020,27900,28975,27900,28800,28713.02344,18303700,BBCA
6/17/2020,29000,29000,28400,28600,28513.62695,15960000,BBCA
6/18/2020,28600,28700,27925,27925,27840.66602,13606400,BBCA
6/19/2020,28000,28250,27725,27875,27790.81641,22014200,BBCA
6/22/2020,27975,28300,27650,27700,27616.34375,10318100,BBCA
6/23/2020,27850,28300,27600,28100,28015.13672,13990800,BBCA
6/24/2020,28250,28800,28200,28525,28438.85352,11466600,BBCA
6/25/2020,28500,28725,28200,28625,28538.55078,10283000,BBCA
6/26/2020,28600,28800,28200,28225,28139.75977,11493500,BBCA
6/29/2020,28200,28475,27925,28375,28289.30664,9759300,BBCA
6/30/2020,28500,28700,28300,28475,28389.00391,14894800,BBCA
7/1/2020,28500,29000,28375,29000,28912.41797,12791800,BBCA
7/2/2020,28875,29350,28800,29350,29261.36133,15117100,BBCA
7/3/2020,29350,29525,29200,29350,29261.36133,10443800,BBCA
7/6/2020,29300,29675,29250,29675,29585.38086,13560000,BBCA
7/7/2020,29700,29975,29500,29950,29859.54883,14833600,BBCA
7/8/2020,29950,31325,29900,31000,30906.37891,21288900,BBCA
7/9/2020,31050,31200,30150,30500,30407.88867,18708700,BBCA
7/10/2020,30500,31200,30400,31000,30906.37891,13444800,BBCA
7/13/2020,31150,31200,30700,30875,30781.75586,17201200,BBCA
7/14/2020,30875,31000,30550,31000,30906.37891,9123300,BBCA
7/15/2020,31000,31200,30750,30750,30657.13281,12293600,BBCA
7/16/2020,30750,31000,30700,30900,30806.67969,13304100,BBCA
7/17/2020,30675,30900,30200,30600,30507.58594,14669600,BBCA
7/20/2020,30600,30800,30300,30700,30607.28516,11958900,BBCA
7/21/2020,30500,31175,30500,31000,30906.37891,16831900,BBCA
7/22/2020,31050,31250,30650,30900,30806.67969,8945100,BBCA
7/23/2020,30900,31075,30700,31000,30906.37891,16805300,BBCA
7/24/2020,31000,31000,30500,30500,30407.88867,11673300,BBCA
7/27/2020,30500,30700,30000,30500,30407.88867,8394500,BBCA
7/28/2020,30600,31000,30300,30925,30831.60547,13055800,BBCA
7/29/2020,30925,30925,30500,30675,30582.35938,10052500,BBCA
7/30/2020,30675,31200,30275,31200,31105.77539,16106700,BBCA
8/3/2020,31100,31175,29125,30650,30557.43555,27415800,BBCA
8/4/2020,30775,31100,30650,31050,30956.22656,15871400,BBCA
8/5/2020,31000,31100,30500,31025,30931.30273,9878600,BBCA
8/6/2020,31075,31475,30925,31300,31205.47266,11051700,BBCA
8/7/2020,31325,31425,30800,30900,30806.67969,8724200,BBCA
8/10/2020,30900,31000,30525,30600,30507.58594,7554900,BBCA
8/11/2020,30700,31000,30650,30875,30781.75586,7759100,BBCA
8/12/2020,30875,31300,30800,31300,31205.47266,7122400,BBCA
8/13/2020,31300,31500,30900,31500,31404.86914,9716200,BBCA
8/14/2020,31500,32025,31200,32025,31928.2832,11463200,BBCA
8/18/2020,32025,32125,31500,31800,31703.96289,16312700,BBCA
8/19/2020,31800,32050,31550,31650,31554.41602,11758700,BBCA
8/24/2020,31700,31900,31400,31575,31479.64258,13376500,BBCA
8/25/2020,31600,31900,31525,31825,31728.88672,9842200,BBCA
8/26/2020,31925,31950,31525,31700,31604.26367,8596600,BBCA
8/27/2020,31825,33000,31700,33000,32900.33984,13665200,BBCA
8/28/2020,32800,33000,32125,32475,32376.92383,10458500,BBCA
8/31/2020,32500,32700,31375,31375,31280.24609,19406400,BBCA
9/1/2020,31400,32600,31200,32600,32501.54688,13489200,BBCA
9/2/2020,32600,32800,31825,32175,32077.83008,13213000,BBCA
9/3/2020,32325,32500,31500,32500,32401.84766,13641700,BBCA
9/4/2020,32250,32250,31325,31900,31803.66016,16122700,BBCA
9/7/2020,31675,31800,31000,31425,31330.0957,12849900,BBCA
9/8/2020,31425,31800,31425,31675,31579.33984,7929800,BBCA
9/9/2020,31500,31600,31050,31225,31130.69922,9857000,BBCA
9/10/2020,31100,31100,29050,29050,28962.26758,35147000,BBCA
9/11/2020,29000,29875,28100,29525,29435.83398,80606500,BBCA
9/14/2020,30000,30575,29925,30250,30158.64258,27623000,BBCA
9/15/2020,30200,30500,29300,29300,29211.51172,34017400,BBCA
9/16/2020,29300,29350,28725,28750,28663.17383,31713100,BBCA
9/17/2020,28750,29275,28325,28775,28688.09766,27759200,BBCA
9/18/2020,28500,28675,27850,28150,28064.98633,63382400,BBCA
9/21/2020,28200,28675,27975,28025,27940.36328,22488600,BBCA
9/22/2020,27600,27825,27150,27250,27167.70313,32688500,BBCA
9/23/2020,27250,27925,27125,27525,27441.87305,20103400,BBCA
9/24/2020,27150,27675,26950,27225,27142.7793,17723700,BBCA
9/25/2020,27400,28125,27300,28050,27965.28711,20141000,BBCA
9/28/2020,28250,28475,27500,27575,27491.72266,18704400,BBCA
9/29/2020,27875,28175,27300,27525,27441.87305,23555700,BBCA
9/30/2020,27825,27825,27100,27100,27018.15625,21475400,BBCA
10/1/2020,27425,27850,27400,27850,27765.89258,11378600,BBCA
10/2/2020,27800,27825,27200,27525,27441.87305,13369600,BBCA
10/5/2020,27575,27800,27300,27600,27516.64648,11658200,BBCA
10/6/2020,28150,28575,28000,28500,28413.92773,28391100,BBCA
10/7/2020,28000,28775,27900,28775,28688.09766,17987500,BBCA
10/8/2020,28950,29000,28550,28900,28812.7207,15476900,BBCA
10/9/2020,28750,28875,28600,28875,28787.79688,10850100,BBCA
10/12/2020,29200,29375,29150,29275,29186.58789,16583700,BBCA
10/13/2020,29200,29300,28850,29275,29186.58789,9650100,BBCA
10/14/2020,29200,29500,29050,29500,29410.9082,16623500,BBCA
10/15/2020,29375,29400,28800,28925,28837.64453,16413400,BBCA
10/16/2020,28925,28950,28650,28800,28713.02344,17810300,BBCA
10/19/2020,28750,29500,28550,29500,29410.9082,11374300,BBCA
10/20/2020,29400,29400,28925,29025,28937.34375,14999100,BBCA
10/21/2020,29300,29325,28650,28900,28812.7207,15588800,BBCA
10/22/2020,28700,29000,28525,29000,28912.41797,19374500,BBCA
10/23/2020,29200,29200,28750,28850,28762.87109,13265600,BBCA
10/26/2020,28625,29175,28625,29075,28987.19141,14090500,BBCA
10/27/2020,29075,29150,28775,28950,28862.57031,17896400,BBCA
11/2/2020,28800,29125,28600,29100,29012.11719,30201300,BBCA
11/3/2020,29200,29475,29175,29450,29361.06055,15630400,BBCA
11/4/2020,29500,29700,28925,29100,29012.11719,15725200,BBCA
11/5/2020,29500,30900,29500,30750,30657.13281,32218000,BBCA
11/6/2020,30800,31500,30300,31500,31404.86914,27460700,BBCA
11/9/2020,31500,32000,31075,31425,31330.0957,16547900,BBCA
11/10/2020,31975,33000,31900,32400,32302.15039,38214700,BBCA
11/11/2020,32700,32825,32400,32700,32601.24414,26276700,BBCA
11/12/2020,32050,32475,32025,32100,32003.05664,16616500,BBCA
11/13/2020,32100,32250,31600,31950,31853.50977,16474900,BBCA
11/16/2020,32425,32425,31925,32400,32302.15039,10981000,BBCA
11/17/2020,32500,32825,32450,32750,32651.09375,23956800,BBCA
11/18/2020,32750,32875,32700,32850,32750.79102,19957800,BBCA
11/19/2020,32600,33200,32575,33075,32975.11328,29469300,BBCA
11/20/2020,33200,33250,32750,33000,32900.33984,13693700,BBCA
11/23/2020,33000,33050,32750,33000,32900.33984,15053100,BBCA
11/24/2020,33000,33000,32725,32825,32725.86719,14469900,BBCA
11/25/2020,32900,32925,31900,32050,31953.20703,34028100,BBCA
11/26/2020,31750,32450,31500,32400,32302.15039,12867800,BBCA
11/27/2020,32400,32450,31900,31925,31828.58594,17472300,BBCA
11/30/2020,31925,32000,30675,31025,30931.30273,78618300,BBCA
12/1/2020,31100,32175,31100,31975,31878.43359,22912700,BBCA
12/2/2020,32300,32425,31700,32250,32152.60352,18779500,BBCA
12/3/2020,32500,32625,32125,32300,32202.45313,19642000,BBCA
12/4/2020,32300,32325,31800,31950,31853.50977,12999100,BBCA
12/7/2020,32500,32900,32400,32600,32501.54688,19327200,BBCA
12/8/2020,32600,32600,32125,32450,32352,14112300,BBCA
12/10/2020,32950,33000,32700,32875,32875,30284100,BBCA
12/11/2020,33000,33900,32975,33675,33675,42832000,BBCA
12/14/2020,34000,34150,33975,34100,34100,35957100,BBCA
12/15/2020,34150,34500,33025,33950,33950,32804900,BBCA
12/16/2020,34300,34750,34200,34750,34750,27734800,BBCA
12/17/2020,34825,35000,34100,34675,34675,18384000,BBCA
12/18/2020,34675,34675,33775,34000,34000,29447700,BBCA
12/21/2020,34450,34450,34000,34150,34150,18738500,BBCA
12/22/2020,33700,34100,33550,33575,33575,12358100,BBCA
12/23/2020,34525,34525,33100,33625,33625,15389600,BBCA
12/28/2020,33950,34100,33300,33900,33900,12046800,BBCA
12/29/2020,33875,34050,33700,33825,33825,6842500,BBCA
12/30/2020,34000,34000,33500,33850,33850,10535100,BBCA
1/4/2021,34000,34275,33600,34175,34175,9587400,BBCA
1/5/2021,34300,35450,34250,35450,35450,20966200,BBCA
1/6/2021,35250,35375,34400,34725,34725,17950700,BBCA
1/7/2021,35000,35250,34550,34825,34825,14272000,BBCA
1/8/2021,35175,35400,34875,35250,35250,15006700,BBCA
1/11/2021,35750,36800,35725,36725,36725,33806900,BBCA
1/12/2021,36725,36900,35800,35800,35800,19047000,BBCA
1/13/2021,36225,36375,35350,35600,35600,15316300,BBCA
1/14/2021,35250,35450,34975,35100,35100,17863900,BBCA
1/15/2021,35475,35500,34200,34775,34775,17970700,BBCA
1/18/2021,34775,35625,34225,35600,35600,17268600,BBCA
1/19/2021,35600,35600,35025,35475,35475,14755400,BBCA
1/20/2021,35825,36475,35350,35475,35475,21443200,BBCA
1/21/2021,36400,36500,35300,35375,35375,13285600,BBCA
1/22/2021,35375,35800,35375,35400,35400,16165800,BBCA
1/25/2021,36000,36000,35000,35175,35175,15367300,BBCA
1/26/2021,34775,35000,34100,34100,34100,19731600,BBCA
1/27/2021,34100,34650,33525,33950,33950,19584000,BBCA
1/28/2021,33950,34625,33950,34500,34500,20925400,BBCA
1/29/2021,34500,35000,33800,33800,33800,26552500,BBCA
2/1/2021,33800,34600,32975,34100,34100,22625800,BBCA
2/2/2021,34825,34900,34000,34000,34000,17348200,BBCA
2/3/2021,35000,35000,34125,34125,34125,13458200,BBCA
2/4/2021,34600,35000,34175,34275,34275,16190100,BBCA
2/5/2021,34350,34750,34275,34575,34575,10320400,BBCA
2/8/2021,35250,35275,34400,34600,34600,9120800,BBCA
2/9/2021,35000,35150,34775,34900,34900,15114800,BBCA
2/10/2021,35250,35250,34500,34600,34600,8996900,BBCA
2/11/2021,34925,34925,34200,34400,34400,7385200,BBCA
2/15/2021,34150,34450,33600,34000,34000,16784400,BBCA
2/16/2021,34400,34725,34150,34700,34700,9444200,BBCA
2/17/2021,34450,34800,34250,34500,34500,13202300,BBCA
2/18/2021,34250,34500,33675,33675,33675,18240800,BBCA
2/19/2021,33900,34250,33800,34125,34125,14097500,BBCA
2/22/2021,34500,34700,33950,33950,33950,13782600,BBCA
2/23/2021,34100,34225,33875,34125,34125,11672000,BBCA
2/24/2021,34125,34175,33625,33625,33625,14373800,BBCA
2/25/2021,33700,33850,33400,33525,33525,15737600,BBCA
2/26/2021,33525,34050,33225,33550,33550,34726300,BBCA
3/1/2021,34150,35225,34000,35225,35225,41107800,BBCA
3/2/2021,35600,35800,35000,35075,35075,16289300,BBCA
3/3/2021,35325,35425,35000,35000,35000,16894000,BBCA
3/4/2021,34525,35000,33600,33600,33600,24160500,BBCA
3/5/2021,33600,34625,33600,34000,34000,22374300,BBCA
3/8/2021,34750,34750,33600,33600,33600,18176600,BBCA
3/9/2021,33500,33575,33000,33025,33025,27116400,BBCA
3/10/2021,33600,33600,33100,33525,33525,10060400,BBCA
3/12/2021,34375,34400,33575,33825,33825,14865600,BBCA
3/15/2021,34075,34100,33325,33325,33325,11483200,BBCA
3/16/2021,33550,33550,33100,33125,33125,14151100,BBCA
3/17/2021,33250,33325,33025,33050,33050,14294900,BBCA
3/18/2021,33100,33600,33050,33525,33525,14013500,BBCA
3/18/2020,4590,4590,4200,4200,4200,72267200,BBNI
3/19/2020,3920,3950,3910,3910,3910,10953100,BBNI
3/20/2020,3800,3800,3640,3640,3640,175719600,BBNI
3/23/2020,3530,3530,3390,3390,3390,10574300,BBNI
3/24/2020,3310,3430,3160,3160,3160,132089300,BBNI
3/26/2020,3160,3690,2970,3590,3590,190756900,BBNI
3/27/2020,3670,4240,3650,3990,3990,164991800,BBNI
3/30/2020,3960,3960,3720,3720,3720,41072600,BBNI
3/31/2020,3830,4020,3720,3820,3820,99610200,BBNI
4/1/2020,3830,4000,3670,3680,3680,86485500,BBNI
4/2/2020,3690,3850,3470,3850,3850,58984400,BBNI
4/3/2020,3880,4040,3840,4010,4010,47584600,BBNI
4/6/2020,4060,4300,4010,4290,4290,61479800,BBNI
4/7/2020,4490,4650,4120,4310,4310,81628300,BBNI
4/8/2020,4200,4240,4010,4010,4010,61532700,BBNI
4/9/2020,4100,4150,3870,3990,3990,36659600,BBNI
4/13/2020,4000,4070,3900,3990,3990,20521300,BBNI
4/14/2020,4000,4190,4000,4150,4150,28841600,BBNI
4/15/2020,4160,4230,3990,4200,4200,37601800,BBNI
4/16/2020,4100,4100,3950,3980,3980,46381900,BBNI
4/17/2020,4070,4170,4070,4160,4160,44520700,BBNI
4/20/2020,4170,4240,4070,4100,4100,34882800,BBNI
4/21/2020,4080,4100,3990,4030,4030,20857600,BBNI
4/22/2020,3970,4070,3900,4020,4020,52828200,BBNI
4/23/2020,4050,4070,3990,4020,4020,38191400,BBNI
4/24/2020,4020,4020,3780,3800,3800,50322500,BBNI
4/27/2020,3870,3920,3750,3800,3800,34305100,BBNI
4/28/2020,3820,3830,3750,3820,3820,34998800,BBNI
4/29/2020,3850,3850,3750,3760,3760,32628800,BBNI
4/30/2020,3820,4100,3800,4100,4100,63194600,BBNI
5/4/2020,4000,4000,3870,3920,3920,33125800,BBNI
5/5/2020,3960,4030,3780,3840,3840,54280100,BBNI
5/6/2020,3850,3890,3820,3830,3830,41255900,BBNI
5/8/2020,3850,3870,3790,3800,3800,45523000,BBNI
5/11/2020,3860,3860,3800,3800,3800,40350800,BBNI
5/12/2020,3820,3820,3650,3660,3660,82388200,BBNI
5/13/2020,3640,3740,3580,3720,3720,39007300,BBNI
5/14/2020,3670,3740,3510,3540,3540,47306600,BBNI
5/15/2020,3570,3590,3300,3340,3340,86958200,BBNI
5/18/2020,3380,3410,3270,3330,3330,41810400,BBNI
5/19/2020,3400,3580,3380,3520,3520,77081500,BBNI
5/20/2020,3570,3640,3420,3600,3600,74301500,BBNI
5/26/2020,3660,3660,3580,3630,3630,44453400,BBNI
5/27/2020,3640,3700,3580,3630,3630,64238200,BBNI
5/28/2020,3640,3790,3630,3660,3660,116831000,BBNI
5/29/2020,3660,3860,3590,3830,3830,147057800,BBNI
6/2/2020,3900,4040,3850,3970,3970,131582200,BBNI
6/3/2020,4020,4190,3880,4130,4130,138504300,BBNI
6/4/2020,4200,4360,4110,4140,4140,113520800,BBNI
6/5/2020,4200,4290,4030,4250,4250,72690400,BBNI
6/8/2020,4350,4940,4340,4830,4830,155723800,BBNI
6/9/2020,4900,5150,4850,4860,4860,142855100,BBNI
6/10/2020,4850,4850,4520,4520,4520,151784400,BBNI
6/11/2020,4510,4510,4210,4210,4210,222042700,BBNI
6/12/2020,4210,4470,3940,4470,4470,199783700,BBNI
6/15/2020,4480,4500,4180,4200,4200,116652300,BBNI
6/16/2020,4350,4610,4350,4610,4610,131648800,BBNI
6/17/2020,4680,4750,4510,4550,4550,93134000,BBNI
6/18/2020,4500,4570,4430,4500,4500,52063500,BBNI
6/19/2020,4550,4570,4450,4480,4480,41239200,BBNI
6/22/2020,4480,4510,4440,4470,4470,25503400,BBNI
6/23/2020,4470,4470,4320,4380,4380,41767200,BBNI
6/24/2020,4410,4780,4410,4740,4740,151060600,BBNI
6/25/2020,4670,4690,4510,4550,4550,117822200,BBNI
6/26/2020,4650,4690,4550,4580,4580,66800100,BBNI
6/29/2020,4550,4600,4490,4590,4590,34983700,BBNI
6/30/2020,4670,4700,4550,4580,4580,61765000,BBNI
7/1/2020,4600,4630,4510,4540,4540,37014300,BBNI
7/2/2020,4540,4600,4540,4590,4590,28618200,BBNI
7/3/2020,4600,4640,4550,4560,4560,23764000,BBNI
7/6/2020,4590,4640,4580,4610,4610,31018200,BBNI
7/7/2020,4650,4660,4580,4600,4600,41042200,BBNI
7/8/2020,4600,4830,4580,4800,4800,115288400,BBNI
7/9/2020,4820,4860,4720,4730,4730,58250600,BBNI
7/10/2020,4700,4730,4650,4670,4670,37653000,BBNI
7/13/2020,4700,4770,4700,4750,4750,35545900,BBNI
7/14/2020,4750,4780,4700,4720,4720,48056500,BBNI
7/15/2020,4760,4780,4710,4710,4710,42310000,BBNI
7/16/2020,4710,4740,4680,4700,4700,43047100,BBNI
7/17/2020,4680,4720,4670,4670,4670,18783500,BBNI
7/20/2020,4690,4690,4510,4540,4540,67696500,BBNI
7/21/2020,4570,4700,4560,4680,4680,60836400,BBNI
7/22/2020,4700,4750,4660,4670,4670,48427100,BBNI
7/23/2020,4690,4790,4670,4710,4710,76062300,BBNI
7/24/2020,4710,4710,4590,4610,4610,54602800,BBNI
7/27/2020,4640,4660,4600,4650,4650,27072000,BBNI
7/28/2020,4660,4710,4650,4680,4680,35239200,BBNI
7/29/2020,4660,4660,4580,4590,4590,64032700,BBNI
7/30/2020,4610,4630,4570,4600,4600,48400800,BBNI
8/3/2020,4650,4650,4300,4440,4440,73249100,BBNI
8/4/2020,4470,4560,4450,4560,4560,33204600,BBNI
8/5/2020,4570,4640,4510,4630,4630,41149900,BBNI
8/6/2020,4650,4670,4630,4640,4640,32255800,BBNI
8/7/2020,4640,4680,4600,4620,4620,28421200,BBNI
8/10/2020,4620,4640,4610,4620,4620,14825600,BBNI
8/11/2020,4630,4820,4630,4780,4780,96456100,BBNI
8/12/2020,4800,5200,4760,5125,5125,181198500,BBNI
8/13/2020,5200,5350,5025,5075,5075,87602500,BBNI
8/14/2020,5075,5100,5000,5000,5000,57145100,BBNI
8/18/2020,5050,5225,5025,5050,5050,101770600,BBNI
8/19/2020,5075,5200,5000,5050,5050,79545900,BBNI
8/24/2020,5075,5150,5050,5100,5100,52733400,BBNI
8/25/2020,5150,5350,5150,5275,5275,92771400,BBNI
8/26/2020,5300,5350,5200,5325,5325,72829900,BBNI
8/27/2020,5325,5425,5250,5300,5300,56667800,BBNI
8/28/2020,5325,5350,5225,5250,5250,41897900,BBNI
8/31/2020,5300,5325,5000,5100,5100,125960000,BBNI
9/1/2020,5150,5175,5025,5175,5175,54441900,BBNI
9/2/2020,5250,5275,5125,5225,5225,46207400,BBNI
9/3/2020,5275,5375,5250,5350,5350,133938600,BBNI
9/4/2020,5250,5250,5125,5225,5225,94096000,BBNI
9/7/2020,5225,5275,5125,5250,5250,40928200,BBNI
9/8/2020,5300,5300,5225,5250,5250,22596800,BBNI
9/9/2020,5150,5175,5025,5025,5025,73421800,BBNI
9/10/2020,4780,4790,4680,4680,4680,132102700,BBNI
9/11/2020,4450,4880,4420,4870,4870,121461600,BBNI
9/14/2020,4980,5050,4910,5050,5050,77510600,BBNI
9/15/2020,5050,5100,4910,4940,4940,49093700,BBNI
9/16/2020,4990,4990,4870,4870,4870,30253200,BBNI
9/17/2020,4860,4890,4700,4720,4720,62086500,BBNI
9/18/2020,4720,4810,4700,4740,4740,43650100,BBNI
9/21/2020,4760,4760,4550,4590,4590,44015600,BBNI
9/22/2020,4500,4640,4460,4540,4540,48240400,BBNI
9/23/2020,4570,4600,4360,4420,4420,55814500,BBNI
9/24/2020,4360,4400,4310,4330,4330,50774500,BBNI
9/25/2020,4360,4600,4360,4600,4600,54992300,BBNI
9/28/2020,4650,4690,4500,4540,4540,31059400,BBNI
9/29/2020,4600,4650,4470,4510,4510,42230000,BBNI
9/30/2020,4550,4560,4370,4440,4440,31951700,BBNI
10/1/2020,4490,4580,4470,4570,4570,25883000,BBNI
10/2/2020,4580,4590,4380,4510,4510,30715500,BBNI
10/5/2020,4540,4620,4500,4620,4620,29857100,BBNI
10/6/2020,4710,4740,4650,4670,4670,49034100,BBNI
10/7/2020,4620,4690,4610,4670,4670,24101700,BBNI
10/8/2020,4720,4720,4650,4670,4670,21083400,BBNI
10/9/2020,4700,4700,4620,4640,4640,25505200,BBNI
10/12/2020,4690,4710,4660,4670,4670,31644500,BBNI
10/13/2020,4670,4780,4620,4760,4760,45256200,BBNI
10/14/2020,4760,4950,4760,4950,4950,66920300,BBNI
10/15/2020,4950,4950,4780,4780,4780,53219700,BBNI
10/16/2020,4850,4860,4760,4810,4810,27057500,BBNI
10/19/2020,4850,4900,4820,4890,4890,36507600,BBNI
10/20/2020,4870,4890,4810,4810,4810,28628400,BBNI
10/21/2020,4850,4930,4850,4880,4880,44696300,BBNI
10/22/2020,4830,4880,4830,4860,4860,22289100,BBNI
10/23/2020,4860,4900,4840,4850,4850,23111100,BBNI
10/26/2020,4870,4920,4830,4850,4850,56483600,BBNI
10/27/2020,4800,4850,4730,4740,4740,88238000,BBNI
11/2/2020,4700,4710,4590,4660,4660,72577500,BBNI
11/3/2020,4700,4740,4660,4670,4670,44974800,BBNI
11/4/2020,4700,4720,4600,4620,4620,35401100,BBNI
11/5/2020,4720,4850,4680,4830,4830,90281700,BBNI
11/6/2020,4860,5025,4770,4960,4960,120355000,BBNI
11/9/2020,5050,5150,5000,5100,5100,83367000,BBNI
11/10/2020,5250,5350,5200,5325,5325,125532500,BBNI
11/11/2020,5375,5525,5325,5475,5475,107375700,BBNI
11/12/2020,5550,5550,5300,5375,5375,66993800,BBNI
11/13/2020,5325,5700,5275,5650,5650,99203700,BBNI
11/16/2020,5750,5850,5650,5675,5675,86880400,BBNI
11/17/2020,5750,5800,5675,5750,5750,63441100,BBNI
11/18/2020,5750,5775,5650,5725,5725,48749700,BBNI
11/19/2020,5675,5800,5650,5750,5750,61333600,BBNI
11/20/2020,5700,5800,5650,5675,5675,53141400,BBNI
11/23/2020,5675,5975,5625,5900,5900,82536100,BBNI
11/24/2020,5975,5975,5900,5950,5950,61987700,BBNI
11/25/2020,6000,6175,6000,6050,6050,101206400,BBNI
11/26/2020,6050,6350,6025,6300,6300,66773100,BBNI
11/27/2020,6300,6375,6200,6350,6350,64918200,BBNI
11/30/2020,6350,6350,5950,6000,6000,160407100,BBNI
12/1/2020,6075,6250,5925,6250,6250,99785300,BBNI
12/2/2020,6300,6375,6200,6350,6350,51993700,BBNI
12/3/2020,6375,6500,6300,6350,6350,64150200,BBNI
12/4/2020,6325,6425,6200,6350,6350,43911700,BBNI
12/7/2020,6500,6675,6450,6650,6650,60637400,BBNI
12/8/2020,6650,6700,6550,6650,6650,35168700,BBNI
12/10/2020,6650,6700,6575,6600,6600,48708000,BBNI
12/11/2020,6650,6700,6550,6575,6575,31359300,BBNI
12/14/2020,6575,6625,6450,6575,6575,59192800,BBNI
12/15/2020,6525,6550,6450,6500,6500,41754100,BBNI
12/16/2020,6550,6675,6550,6675,6675,49319600,BBNI
12/17/2020,6700,6750,6600,6675,6675,40740400,BBNI
12/18/2020,6625,6700,6600,6650,6650,28185700,BBNI
12/21/2020,6675,6725,6575,6600,6600,34247400,BBNI
12/22/2020,6525,6575,6275,6300,6300,63705800,BBNI
12/23/2020,6300,6425,5950,6250,6250,55527400,BBNI
12/28/2020,6400,6450,6150,6450,6450,30958700,BBNI
12/29/2020,6450,6475,6250,6300,6300,25868300,BBNI
12/30/2020,6300,6350,6150,6175,6175,38240000,BBNI
1/4/2021,6250,6400,6100,6375,6375,40855700,BBNI
1/5/2021,6400,6500,6300,6500,6500,34254600,BBNI
1/6/2021,6525,6550,6200,6400,6400,37149800,BBNI
1/7/2021,6475,6500,6350,6425,6425,37069400,BBNI
1/8/2021,6425,6500,6375,6475,6475,36413400,BBNI
1/11/2021,6475,6600,6450,6525,6525,74679600,BBNI
1/12/2021,6600,6675,6475,6500,6500,60240600,BBNI
1/13/2021,6525,6600,6475,6525,6525,42309100,BBNI
1/14/2021,6525,6600,6425,6450,6450,34196200,BBNI
1/15/2021,6450,6500,6250,6325,6325,52804900,BBNI
1/18/2021,6300,6375,6200,6300,6300,40420300,BBNI
1/19/2021,6300,6375,6150,6225,6225,44440600,BBNI
1/20/2021,6200,6475,6200,6425,6425,54829000,BBNI
1/21/2021,6500,6575,6425,6425,6425,29795600,BBNI
1/22/2021,6400,6450,6250,6275,6275,44748000,BBNI
1/25/2021,6275,6300,6125,6225,6225,31400800,BBNI
1/26/2021,6225,6275,6000,6075,6075,47379900,BBNI
1/27/2021,6075,6100,5825,5975,5975,60536800,BBNI
1/28/2021,5800,5950,5700,5775,5775,52841100,BBNI
1/29/2021,5800,5975,5450,5550,5550,77904600,BBNI
2/1/2021,5550,5875,5250,5850,5850,76658800,BBNI
2/2/2021,5875,6050,5850,5900,5900,56885900,BBNI
2/3/2021,6050,6400,5975,6300,6300,119776800,BBNI
2/4/2021,6325,6350,6175,6275,6275,50131100,BBNI
2/5/2021,6350,6375,6225,6300,6300,23030100,BBNI
2/8/2021,6300,6375,6275,6300,6300,22425700,BBNI
2/9/2021,6275,6400,6200,6225,6225,43128700,BBNI
2/10/2021,6225,6275,6150,6200,6200,15012100,BBNI
2/11/2021,6250,6250,6150,6200,6200,13331500,BBNI
2/15/2021,6250,6325,6175,6225,6225,26533500,BBNI
2/16/2021,6250,6375,6175,6350,6350,37910600,BBNI
2/17/2021,6375,6400,6150,6150,6150,44943100,BBNI
2/18/2021,6100,6200,6000,6025,6025,32197800,BBNI
2/19/2021,6000,6050,5925,6000,6000,25762800,BBNI
2/22/2021,6000,6075,5925,5925,5925,34736100,BBNI
2/23/2021,5925,6000,5900,5950,5950,19163800,BBNI
2/24/2021,5975,6100,5975,6075,6075,31161800,BBNI
2/25/2021,6150,6200,6075,6075,6075,34208200,BBNI
2/26/2021,5950,6100,5925,5950,5950,67508500,BBNI
3/1/2021,6000,6225,5975,6225,6225,41194400,BBNI
3/2/2021,6275,6300,6100,6150,6150,28559600,BBNI
3/3/2021,6150,6200,6025,6025,6025,32427500,BBNI
3/4/2021,6025,6075,5975,6000,6000,17683400,BBNI
3/5/2021,5900,6050,5875,6000,6000,24103600,BBNI
3/8/2021,6075,6100,6000,6000,6000,12368900,BBNI
3/9/2021,6075,6100,5925,5975,5975,21660000,BBNI
3/10/2021,6025,6100,5950,6050,6050,15467500,BBNI
3/12/2021,6125,6200,6050,6150,6150,37498600,BBNI
3/15/2021,6200,6350,6150,6325,6325,66884800,BBNI
3/16/2021,6325,6375,6200,6225,6225,28069700,BBNI
3/17/2021,6225,6225,6100,6100,6100,22351700,BBNI
3/18/2021,6200,6325,6150,6275,6275,44144800,BBNI
